{"chunk_definitions":[{"row":19,"row_count":1,"visible":true,"expansion_state":0,"options":{"engine":"r","label":"setup","include":false,"Warning":false,"message":false,"dev":"png"},"document_id":"1275933B","chunk_id":"csetup_chunk","chunk_label":"setup"},{"row":63,"row_count":1,"visible":true,"expansion_state":0,"options":{"engine":"r","label":"unnamed-chunk-3","dev":"png"},"document_id":"1275933B","chunk_id":"ckt681w4nfm7t","chunk_label":"unnamed-chunk-3"},{"row":69,"row_count":1,"visible":true,"expansion_state":0,"options":{"engine":"r","label":"unnamed-chunk-1","dev":"png"},"document_id":"1275933B","chunk_id":"cxanpjc9fc6pz","chunk_label":"unnamed-chunk-4"}],"doc_write_time":1713083161,"working_dir":null,"default_chunk_options":{"echo":true}}