{"chunk_definitions":[{"row":19,"row_count":1,"visible":true,"expansion_state":0,"options":{"engine":"r","label":"setup","include":false,"Warning":false,"message":false,"dev":"png"},"document_id":"1275933B","chunk_id":"csetup_chunk","chunk_label":"setup"},{"row":36,"row_count":1,"visible":true,"expansion_state":0,"options":{"engine":"r","label":"unnamed-chunk-3","dev":"png"},"document_id":"AF1C609B","chunk_id":"cmmfjmu6d1tto","chunk_label":"unnamed-chunk-1"},{"row":56,"row_count":1,"visible":true,"expansion_state":0,"options":{"engine":"r","label":"unnamed-chunk-6","dev":"png"},"document_id":"AF1C609B","chunk_id":"ct8byrx97tgzp","chunk_label":"unnamed-chunk-2"},{"row":69,"row_count":1,"visible":true,"expansion_state":0,"options":{"engine":"r","label":"unnamed-chunk-1","dev":"png"},"document_id":"1275933B","chunk_id":"cxanpjc9fc6pz","chunk_label":"unnamed-chunk-4"}],"doc_write_time":1713137256,"working_dir":null,"default_chunk_options":{"echo":true}}